,Label,Temperature [Â°C],NaOH Concentration [mM],Mg++ Concentration [mM],Seed Volume Fraction [m^3 mineral/m^3 medium],Carbonation_Percentage,Reaction_Rate
318,Run_319,20.0,200.0,660.0,0.0001,100.0,28784.289975100328
319,Run_320,20.0,200.0,660.0,0.0032,100.0,29933.533737133213
388,Run_389,20.0,300.0,550.0,1e-06,100.0,28948.19971656101
389,Run_390,20.0,300.0,550.0,1e-05,100.0,29195.22695600943
390,Run_391,20.0,300.0,550.0,0.0001,100.0,29798.568539407286
391,Run_392,20.0,300.0,550.0,0.0032,100.0,30511.677902817348
392,Run_393,20.0,300.0,660.0,1e-10,100.0,33411.14665752905
393,Run_394,20.0,300.0,660.0,1e-09,100.0,34074.16669614568
394,Run_395,20.0,300.0,660.0,1e-08,100.0,34287.28115422916
395,Run_396,20.0,300.0,660.0,1e-07,100.0,34617.80115336676
396,Run_397,20.0,300.0,660.0,1e-06,100.0,35016.82937933239
397,Run_398,20.0,300.0,660.0,1e-05,100.0,35483.018832097754
398,Run_399,20.0,300.0,660.0,0.0001,100.0,36017.83587731826
399,Run_400,20.0,300.0,660.0,0.0032,100.0,36819.38730444138
468,Run_469,20.0,400.0,550.0,1e-06,100.0,29058.734411454094
469,Run_470,20.0,400.0,550.0,1e-05,100.0,29454.35703827433
470,Run_471,20.0,400.0,550.0,0.0001,100.0,29795.291248800073
471,Run_472,20.0,400.0,550.0,0.0032,100.0,30534.954869002548
472,Run_473,20.0,400.0,660.0,1e-10,100.0,33864.96795230955
473,Run_474,20.0,400.0,660.0,1e-09,100.0,34014.147715641615
474,Run_475,20.0,400.0,660.0,1e-08,100.0,34515.97578586903
475,Run_476,20.0,400.0,660.0,1e-07,100.0,35099.66880531724
476,Run_477,20.0,400.0,660.0,1e-06,100.0,35294.994363316306
477,Run_478,20.0,400.0,660.0,1e-05,100.0,35439.810251526775
478,Run_479,20.0,400.0,660.0,0.0001,100.0,36038.18138281031
479,Run_480,20.0,400.0,660.0,0.0032,100.0,36852.9806824427
548,Run_549,20.0,500.0,550.0,1e-06,100.0,29320.30618680765
549,Run_550,20.0,500.0,550.0,1e-05,100.0,29418.590286650342
550,Run_551,20.0,500.0,550.0,0.0001,100.0,29991.178960231817
551,Run_552,20.0,500.0,550.0,0.0032,100.0,30612.356394698814
552,Run_553,20.0,500.0,660.0,1e-10,100.0,33704.69849896942
553,Run_554,20.0,500.0,660.0,1e-09,100.0,34178.03961744933
554,Run_555,20.0,500.0,660.0,1e-08,100.0,34517.434120773265
555,Run_556,20.0,500.0,660.0,1e-07,100.0,35155.45320127926
556,Run_557,20.0,500.0,660.0,1e-06,100.0,35403.197917381665
557,Run_558,20.0,500.0,660.0,1e-05,100.0,35910.28608245372
558,Run_559,20.0,500.0,660.0,0.0001,100.0,36150.81027895072
559,Run_560,20.0,500.0,660.0,0.0032,100.0,36824.04218381906
627,Run_628,20.0,600.0,550.0,1e-07,100.0,28845.45567307867
628,Run_629,20.0,600.0,550.0,1e-06,100.0,29178.357619702867
629,Run_630,20.0,600.0,550.0,1e-05,100.0,29650.671964582074
630,Run_631,20.0,600.0,550.0,0.0001,100.0,29925.122663515383
631,Run_632,20.0,600.0,550.0,0.0032,100.0,30527.283438616545
632,Run_633,20.0,600.0,660.0,1e-10,100.0,33836.621290843344
633,Run_634,20.0,600.0,660.0,1e-09,100.0,34309.44054656486
634,Run_635,20.0,600.0,660.0,1e-08,100.0,34676.326608434014
635,Run_636,20.0,600.0,660.0,1e-07,100.0,35166.76842150145
636,Run_637,20.0,600.0,660.0,1e-06,100.0,35361.88898393801
637,Run_638,20.0,600.0,660.0,1e-05,100.0,35874.79263942017
638,Run_639,20.0,600.0,660.0,0.0001,100.0,36351.21476450766
639,Run_640,20.0,600.0,660.0,0.0032,100.0,36858.67442991364
707,Run_708,20.0,800.0,550.0,1e-07,100.0,29025.573953423584
708,Run_709,20.0,800.0,550.0,1e-06,100.0,29305.620799821147
709,Run_710,20.0,800.0,550.0,1e-05,100.0,29583.44210160957
710,Run_711,20.0,800.0,550.0,0.0001,100.0,30107.855439354717
711,Run_712,20.0,800.0,550.0,0.0032,100.0,30676.23821757448
712,Run_713,20.0,800.0,660.0,1e-10,100.0,34110.50336878031
713,Run_714,20.0,800.0,660.0,1e-09,100.0,34419.05824199578
714,Run_715,20.0,800.0,660.0,1e-08,100.0,34640.405501417124
715,Run_716,20.0,800.0,660.0,1e-07,100.0,34931.87182605699
716,Run_717,20.0,800.0,660.0,1e-06,100.0,35560.39402898562
717,Run_718,20.0,800.0,660.0,1e-05,100.0,36008.103877061294
718,Run_719,20.0,800.0,660.0,0.0001,100.0,36390.44187769071
719,Run_720,20.0,800.0,660.0,0.0032,100.0,36910.79937722753
787,Run_788,20.0,900.0,550.0,1e-07,100.0,29021.31480301727
788,Run_789,20.0,900.0,550.0,1e-06,100.0,29297.026146785785
789,Run_790,20.0,900.0,550.0,1e-05,100.0,29556.90876885177
790,Run_791,20.0,900.0,550.0,0.0001,100.0,30086.46354951587
791,Run_792,20.0,900.0,550.0,0.0032,100.0,30657.39861702213
792,Run_793,20.0,900.0,660.0,1e-10,100.0,34052.79842552633
793,Run_794,20.0,900.0,660.0,1e-09,100.0,34287.47128024333
794,Run_795,20.0,900.0,660.0,1e-08,100.0,34598.886166788914
795,Run_796,20.0,900.0,660.0,1e-07,100.0,35223.05456192169
796,Run_797,20.0,900.0,660.0,1e-06,100.0,35554.58147809066
797,Run_798,20.0,900.0,660.0,1e-05,100.0,35920.07384073119
798,Run_799,20.0,900.0,660.0,0.0001,100.0,36238.90208369691
799,Run_800,20.0,900.0,660.0,0.0032,100.0,36842.4706263763
866,Run_867,20.0,1000.0,550.0,1e-08,100.0,28766.038799120346
867,Run_868,20.0,1000.0,550.0,1e-07,100.0,29021.329896263607
868,Run_869,20.0,1000.0,550.0,1e-06,100.0,29285.73485908784
869,Run_870,20.0,1000.0,550.0,1e-05,100.0,29814.846542745752
870,Run_871,20.0,1000.0,550.0,0.0001,100.0,30086.48115437838
871,Run_872,20.0,1000.0,550.0,0.0032,100.0,30645.095833245843
872,Run_873,20.0,1000.0,660.0,1e-10,100.0,33954.66525473159
873,Run_874,20.0,1000.0,660.0,1e-09,100.0,34270.74885292159
874,Run_875,20.0,1000.0,660.0,1e-08,100.0,34890.6298134566
875,Run_876,20.0,1000.0,660.0,1e-07,100.0,35194.82905924093
876,Run_877,20.0,1000.0,660.0,1e-06,100.0,35512.41351626202
877,Run_878,20.0,1000.0,660.0,1e-05,100.0,35813.75975811987
878,Run_879,20.0,1000.0,660.0,0.0001,100.0,36181.52268159429
879,Run_880,20.0,1000.0,660.0,0.0032,100.0,36827.24351398624
1184,Run_1185,30.0,200.0,550.0,1e-10,100.0,30778.510247656057
1185,Run_1186,30.0,200.0,550.0,1e-09,100.0,30853.152189448127
1186,Run_1187,30.0,200.0,550.0,1e-08,100.0,31111.748377967215
1187,Run_1188,30.0,200.0,550.0,1e-07,100.0,31259.241270088878
1188,Run_1189,30.0,200.0,550.0,1e-06,100.0,31422.724719141886
1189,Run_1190,30.0,200.0,550.0,1e-05,100.0,31728.7408523294
1190,Run_1191,30.0,200.0,550.0,0.0001,100.0,31831.01204457815
1191,Run_1192,30.0,200.0,550.0,0.0032,100.0,31900.3123507447
1192,Run_1193,30.0,200.0,660.0,1e-10,100.0,36976.92794573413
1193,Run_1194,30.0,200.0,660.0,1e-09,100.0,37175.89358754346
1194,Run_1195,30.0,200.0,660.0,1e-08,100.0,37461.464903714885
1195,Run_1196,30.0,200.0,660.0,1e-07,100.0,37808.36836443792
1196,Run_1197,30.0,200.0,660.0,1e-06,100.0,38002.63175976367
1197,Run_1198,30.0,200.0,660.0,1e-05,100.0,38149.36553773592
1198,Run_1199,30.0,200.0,660.0,0.0001,100.0,38308.813481225276
1199,Run_1200,30.0,200.0,660.0,0.0032,100.0,38473.67635391588
1264,Run_1265,30.0,300.0,550.0,1e-10,100.0,30896.247487713084
1265,Run_1266,30.0,300.0,550.0,1e-09,100.0,30954.9122300195
1266,Run_1267,30.0,300.0,550.0,1e-08,100.0,31255.57967756607
1267,Run_1268,30.0,300.0,550.0,1e-07,100.0,31573.231597419235
1268,Run_1269,30.0,300.0,550.0,1e-06,100.0,31789.541157333337
1269,Run_1270,30.0,300.0,550.0,1e-05,100.0,31813.326573918675
1270,Run_1271,30.0,300.0,550.0,0.0001,100.0,31975.691439074624
1271,Run_1272,30.0,300.0,550.0,0.0032,100.0,32093.667618124113
1272,Run_1273,30.0,300.0,660.0,1e-10,100.0,37266.67133127452
1273,Run_1274,30.0,300.0,660.0,1e-09,100.0,37492.12560036023
1274,Run_1275,30.0,300.0,660.0,1e-08,100.0,37538.79557253567
1275,Run_1276,30.0,300.0,660.0,1e-07,100.0,37948.63106939992
1276,Run_1277,30.0,300.0,660.0,1e-06,100.0,38106.11341517231
1277,Run_1278,30.0,300.0,660.0,1e-05,100.0,38335.64822011693
1278,Run_1279,30.0,300.0,660.0,0.0001,100.0,38548.9715392576
1279,Run_1280,30.0,300.0,660.0,0.0032,100.0,38628.89219664152
1344,Run_1345,30.0,400.0,550.0,1e-10,100.0,30748.701068375736
1345,Run_1346,30.0,400.0,550.0,1e-09,100.0,31007.38730782483
1346,Run_1347,30.0,400.0,550.0,1e-08,100.0,30982.1634812073
1347,Run_1348,30.0,400.0,550.0,1e-07,100.0,31470.38177047916
1348,Run_1349,30.0,400.0,550.0,1e-06,100.0,31736.402241663072
1349,Run_1350,30.0,400.0,550.0,1e-05,100.0,31902.29857610085
1350,Run_1351,30.0,400.0,550.0,0.0001,100.0,32023.409464369233
1351,Run_1352,30.0,400.0,550.0,0.0032,100.0,32075.826323896352
1352,Run_1353,30.0,400.0,660.0,1e-10,100.0,37171.58921896636
1353,Run_1354,30.0,400.0,660.0,1e-09,100.0,37356.7331672501
1354,Run_1355,30.0,400.0,660.0,1e-08,100.0,37655.8063520131
1355,Run_1356,30.0,400.0,660.0,1e-07,100.0,37752.360145532504
1356,Run_1357,30.0,400.0,660.0,1e-06,100.0,38298.799146607154
1357,Run_1358,30.0,400.0,660.0,1e-05,100.0,38407.50305383581
1358,Run_1359,30.0,400.0,660.0,0.0001,100.0,38470.23403638529
1359,Run_1360,30.0,400.0,660.0,0.0032,100.0,38602.54864048109
1424,Run_1425,30.0,500.0,550.0,1e-10,100.0,30657.743711015053
1425,Run_1426,30.0,500.0,550.0,1e-09,100.0,31018.352764346742
1426,Run_1427,30.0,500.0,550.0,1e-08,100.0,31040.28241284342
1427,Run_1428,30.0,500.0,550.0,1e-07,100.0,31358.623453813638
1428,Run_1429,30.0,500.0,550.0,1e-06,100.0,31829.60978859706
1429,Run_1430,30.0,500.0,550.0,1e-05,100.0,31816.68046928419
1430,Run_1431,30.0,500.0,550.0,0.0001,100.0,31919.12903317675
1431,Run_1432,30.0,500.0,550.0,0.0032,100.0,32089.342095933465
1432,Run_1433,30.0,500.0,660.0,1e-10,100.0,37021.95561154578
1433,Run_1434,30.0,500.0,660.0,1e-09,100.0,37314.90287563351
1434,Run_1435,30.0,500.0,660.0,1e-08,100.0,37697.59981310036
1435,Run_1436,30.0,500.0,660.0,1e-07,100.0,37790.6425090094
1436,Run_1437,30.0,500.0,660.0,1e-06,100.0,38317.44841464353
1437,Run_1438,30.0,500.0,660.0,1e-05,100.0,38430.84053343602
1438,Run_1439,30.0,500.0,660.0,0.0001,100.0,38382.04862621376
1439,Run_1440,30.0,500.0,660.0,0.0032,100.0,38627.686773130656
1504,Run_1505,30.0,600.0,550.0,1e-10,100.0,30638.99187442942
1505,Run_1506,30.0,600.0,550.0,1e-09,100.0,30763.876030915653
1506,Run_1507,30.0,600.0,550.0,1e-08,100.0,31243.357997701227
1507,Run_1508,30.0,600.0,550.0,1e-07,100.0,31409.701646891877
1508,Run_1509,30.0,600.0,550.0,1e-06,100.0,31668.125556331823
1509,Run_1510,30.0,600.0,550.0,1e-05,100.0,31969.692728130794
1510,Run_1511,30.0,600.0,550.0,0.0001,100.0,31869.934231443895
1511,Run_1512,30.0,600.0,550.0,0.0032,100.0,32004.12622353265
1512,Run_1513,30.0,600.0,660.0,1e-10,100.0,37226.63401562978
1513,Run_1514,30.0,600.0,660.0,1e-09,100.0,37397.616080348154
1514,Run_1515,30.0,600.0,660.0,1e-08,100.0,37512.5980588797
1515,Run_1516,30.0,600.0,660.0,1e-07,100.0,37899.62174255444
1516,Run_1517,30.0,600.0,660.0,1e-06,100.0,38063.389079176224
1517,Run_1518,30.0,600.0,660.0,1e-05,100.0,38290.29015500316
1518,Run_1519,30.0,600.0,660.0,0.0001,100.0,38528.4686338824
1519,Run_1520,30.0,600.0,660.0,0.0032,100.0,38533.460552050456
1584,Run_1585,30.0,800.0,550.0,1e-10,100.0,30473.938065620805
1585,Run_1586,30.0,800.0,550.0,1e-09,100.0,30866.139678608342
1586,Run_1587,30.0,800.0,550.0,1e-08,100.0,31017.259912389425
1587,Run_1588,30.0,800.0,550.0,1e-07,100.0,31058.048375881786
1588,Run_1589,30.0,800.0,550.0,1e-06,100.0,31621.0536884607
1589,Run_1590,30.0,800.0,550.0,1e-05,100.0,31782.470910719792
1590,Run_1591,30.0,800.0,550.0,0.0001,100.0,31991.4636998707
1591,Run_1592,30.0,800.0,550.0,0.0032,100.0,32057.805695574156
1592,Run_1593,30.0,800.0,660.0,1e-10,100.0,36990.281114501275
1593,Run_1594,30.0,800.0,660.0,1e-09,100.0,36912.49541100571
1594,Run_1595,30.0,800.0,660.0,1e-08,100.0,37566.68955778186
1595,Run_1596,30.0,800.0,660.0,1e-07,100.0,37800.57242169096
1596,Run_1597,30.0,800.0,660.0,1e-06,100.0,37954.54292499604
1597,Run_1598,30.0,800.0,660.0,1e-05,100.0,38323.11897615976
1598,Run_1599,30.0,800.0,660.0,0.0001,100.0,38597.53491773732
1599,Run_1600,30.0,800.0,660.0,0.0032,100.0,38574.97218013164
1664,Run_1665,30.0,900.0,550.0,1e-10,100.0,30532.542441362515
1665,Run_1666,30.0,900.0,550.0,1e-09,100.0,30754.390404026
1666,Run_1667,30.0,900.0,550.0,1e-08,100.0,30940.30399041424
1667,Run_1668,30.0,900.0,550.0,1e-07,100.0,31026.60831550247
1668,Run_1669,30.0,900.0,550.0,1e-06,100.0,31491.726998936727
1669,Run_1670,30.0,900.0,550.0,1e-05,100.0,31672.171790618944
1670,Run_1671,30.0,900.0,550.0,0.0001,100.0,31925.13220291584
1671,Run_1672,30.0,900.0,550.0,0.0032,100.0,31957.22095844816
1672,Run_1673,30.0,900.0,660.0,1e-10,100.0,36850.326217380774
1673,Run_1674,30.0,900.0,660.0,1e-09,100.0,36877.466822345865
1674,Run_1675,30.0,900.0,660.0,1e-08,100.0,37485.95684133469
1675,Run_1676,30.0,900.0,660.0,1e-07,100.0,37710.61200831366
1676,Run_1677,30.0,900.0,660.0,1e-06,100.0,38154.7926162737
1677,Run_1678,30.0,900.0,660.0,1e-05,100.0,38489.922834093595
1678,Run_1679,30.0,900.0,660.0,0.0001,100.0,38517.31383177378
1679,Run_1680,30.0,900.0,660.0,0.0032,100.0,38463.272162558234
1744,Run_1745,30.0,1000.0,550.0,1e-10,100.0,30532.46577947534
1745,Run_1746,30.0,1000.0,550.0,1e-09,100.0,30666.95556433738
1746,Run_1747,30.0,1000.0,550.0,1e-08,100.0,31147.747836890732
1747,Run_1748,30.0,1000.0,550.0,1e-07,100.0,31068.980298794828
1748,Run_1749,30.0,1000.0,550.0,1e-06,100.0,31727.903924531598
1749,Run_1750,30.0,1000.0,550.0,1e-05,100.0,31906.54276944127
1750,Run_1751,30.0,1000.0,550.0,0.0001,100.0,31844.65473366274
1751,Run_1752,30.0,1000.0,550.0,0.0032,100.0,31889.084654095946
1752,Run_1753,30.0,1000.0,660.0,1e-10,100.0,37101.97833903537
1753,Run_1754,30.0,1000.0,660.0,1e-09,100.0,37201.43332900429
1754,Run_1755,30.0,1000.0,660.0,1e-08,100.0,37395.33668623947
1755,Run_1756,30.0,1000.0,660.0,1e-07,100.0,37600.02500331971
1756,Run_1757,30.0,1000.0,660.0,1e-06,100.0,37943.330862709714
1757,Run_1758,30.0,1000.0,660.0,1e-05,100.0,38386.83859314891
1758,Run_1759,30.0,1000.0,660.0,0.0001,100.0,38422.22727201037
1759,Run_1760,30.0,1000.0,660.0,0.0032,100.0,38419.89358736867
1832,Run_1833,40.0,32.0,660.0,1e-10,96.48907843675065,35772.37047902585
1833,Run_1834,40.0,32.0,660.0,1e-09,96.48907899385767,36322.12171098335
1834,Run_1835,40.0,32.0,660.0,1e-08,96.48907899385767,36361.5367472719
1835,Run_1836,40.0,32.0,660.0,1e-07,96.48906785171684,36510.49453926275
1836,Run_1837,40.0,32.0,660.0,1e-06,96.48897871459006,36615.45354647519
1837,Run_1838,40.0,32.0,660.0,1e-05,96.48811519867446,36678.48231832016
1838,Run_1839,40.0,32.0,660.0,0.0001,96.47942989988456,36711.32348441443
1839,Run_1840,40.0,32.0,660.0,0.0032,96.18031355778768,36635.897900356955
1912,Run_1913,40.0,50.0,660.0,1e-10,98.08885587736168,36823.111002265425
1913,Run_1914,40.0,50.0,660.0,1e-09,98.08885643446872,36971.636158117886
1914,Run_1915,40.0,50.0,660.0,1e-08,98.0888508633983,37072.32320045216
1915,Run_1916,40.0,50.0,660.0,1e-07,98.08884529232787,37186.57517923623
1916,Run_1917,40.0,50.0,660.0,1e-06,98.0887561552011,37245.94086908807
1917,Run_1918,40.0,50.0,660.0,1e-05,98.0878703550038,37303.141199657905
1918,Run_1919,40.0,50.0,660.0,0.0001,98.07904577945332,37333.842761388965
1919,Run_1920,40.0,50.0,660.0,0.0032,97.77497118467974,37257.01616839663
1984,Run_1985,40.0,100.0,550.0,1e-10,100.0,28952.156065225387
1985,Run_1986,40.0,100.0,550.0,1e-09,100.0,29295.379006552892
1986,Run_1987,40.0,100.0,550.0,1e-08,100.0,29322.51141241801
1987,Run_1988,40.0,100.0,550.0,1e-07,100.0,29396.321782996656
1988,Run_1989,40.0,100.0,550.0,1e-06,100.0,29298.25421114492
1989,Run_1990,40.0,100.0,550.0,1e-05,100.0,29340.01700118473
1990,Run_1991,40.0,100.0,550.0,0.0001,100.0,29509.55540570985
1991,Run_1992,40.0,100.0,550.0,0.0032,100.0,29506.87295320546
1992,Run_1993,40.0,100.0,660.0,1e-10,100.0,37828.910713043835
1993,Run_1994,40.0,100.0,660.0,1e-09,100.0,37800.078858688634
1994,Run_1995,40.0,100.0,660.0,1e-08,100.0,38048.31999360643
1995,Run_1996,40.0,100.0,660.0,1e-07,100.0,38147.22832459352
1996,Run_1997,40.0,100.0,660.0,1e-06,100.0,38080.75157190913
1997,Run_1998,40.0,100.0,660.0,1e-05,100.0,38071.50411788954
1998,Run_1999,40.0,100.0,660.0,0.0001,100.0,38072.55542407223
1999,Run_2000,40.0,100.0,660.0,0.0032,100.0,38292.8521480327
2064,Run_2065,40.0,200.0,550.0,1e-10,100.0,31852.348206454022
2065,Run_2066,40.0,200.0,550.0,1e-09,100.0,32117.60751028516
2066,Run_2067,40.0,200.0,550.0,1e-08,100.0,32143.8835867986
2067,Run_2068,40.0,200.0,550.0,1e-07,100.0,32274.514389579723
2068,Run_2069,40.0,200.0,550.0,1e-06,100.0,32338.85865836049
2069,Run_2070,40.0,200.0,550.0,1e-05,100.0,32382.211729317725
2070,Run_2071,40.0,200.0,550.0,0.0001,100.0,32376.421383375182
2071,Run_2072,40.0,200.0,550.0,0.0032,100.0,32324.464391619673
2072,Run_2073,40.0,200.0,660.0,1e-10,100.0,38500.88137813192
2073,Run_2074,40.0,200.0,660.0,1e-09,100.0,38578.18194383328
2074,Run_2075,40.0,200.0,660.0,1e-08,100.0,38681.64263315261
2075,Run_2076,40.0,200.0,660.0,1e-07,100.0,38802.60885587957
2076,Run_2077,40.0,200.0,660.0,1e-06,100.0,38827.24744697074
2077,Run_2078,40.0,200.0,660.0,1e-05,100.0,38874.93934148366
2078,Run_2079,40.0,200.0,660.0,0.0001,100.0,38893.78480511898
2079,Run_2080,40.0,200.0,660.0,0.0032,100.0,38802.25989778894
2144,Run_2145,40.0,300.0,550.0,1e-10,100.0,31916.511081124518
2145,Run_2146,40.0,300.0,550.0,1e-09,100.0,32075.97989532847
2146,Run_2147,40.0,300.0,550.0,1e-08,100.0,32189.839581139662
2147,Run_2148,40.0,300.0,550.0,1e-07,100.0,32279.794401845196
2148,Run_2149,40.0,300.0,550.0,1e-06,100.0,32334.82586311004
2149,Run_2150,40.0,300.0,550.0,1e-05,100.0,32379.093632953765
2150,Run_2151,40.0,300.0,550.0,0.0001,100.0,32385.59281225661
2151,Run_2152,40.0,300.0,550.0,0.0032,100.0,32321.107878272647
2152,Run_2153,40.0,300.0,660.0,1e-10,100.0,38505.18261617912
2153,Run_2154,40.0,300.0,660.0,1e-09,100.0,38570.34135974363
2154,Run_2155,40.0,300.0,660.0,1e-08,100.0,38711.74510105372
2155,Run_2156,40.0,300.0,660.0,1e-07,100.0,38792.26934827756
2156,Run_2157,40.0,300.0,660.0,1e-06,100.0,38823.33432865078
2157,Run_2158,40.0,300.0,660.0,1e-05,100.0,38884.78084477239
2158,Run_2159,40.0,300.0,660.0,0.0001,100.0,38891.65428876373
2159,Run_2160,40.0,300.0,660.0,0.0032,100.0,38808.320742662625
2224,Run_2225,40.0,400.0,550.0,1e-10,100.0,31972.229665931038
2225,Run_2226,40.0,400.0,550.0,1e-09,100.0,32011.601529401618
2226,Run_2227,40.0,400.0,550.0,1e-08,100.0,32200.062443460276
2227,Run_2228,40.0,400.0,550.0,1e-07,100.0,32243.65710855183
2228,Run_2229,40.0,400.0,550.0,1e-06,100.0,32313.771566823696
2229,Run_2230,40.0,400.0,550.0,1e-05,100.0,32367.964848677617
2230,Run_2231,40.0,400.0,550.0,0.0001,100.0,32371.574226230565
2231,Run_2232,40.0,400.0,550.0,0.0032,100.0,32325.307295298175
2232,Run_2233,40.0,400.0,660.0,1e-10,100.0,38498.798085360264
2233,Run_2234,40.0,400.0,660.0,1e-09,100.0,38594.75129709679
2234,Run_2235,40.0,400.0,660.0,1e-08,100.0,38742.106857879604
2235,Run_2236,40.0,400.0,660.0,1e-07,100.0,38728.56671452844
2236,Run_2237,40.0,400.0,660.0,1e-06,100.0,38866.954622834724
2237,Run_2238,40.0,400.0,660.0,1e-05,100.0,38873.344632669025
2238,Run_2239,40.0,400.0,660.0,0.0001,100.0,38884.01348854747
2239,Run_2240,40.0,400.0,660.0,0.0032,100.0,38798.53551683049
2304,Run_2305,40.0,500.0,550.0,1e-10,100.0,31982.560641184904
2305,Run_2306,40.0,500.0,550.0,1e-09,100.0,31916.005653902583
2306,Run_2307,40.0,500.0,550.0,1e-08,100.0,32191.630682042454
2307,Run_2308,40.0,500.0,550.0,1e-07,100.0,32277.67941761126
2308,Run_2309,40.0,500.0,550.0,1e-06,100.0,32294.153020793383
2309,Run_2310,40.0,500.0,550.0,1e-05,100.0,32361.220101177572
2310,Run_2311,40.0,500.0,550.0,0.0001,100.0,32411.883481047917
2311,Run_2312,40.0,500.0,550.0,0.0032,100.0,32343.39753949944
2312,Run_2313,40.0,500.0,660.0,1e-10,100.0,38538.234769414914
2313,Run_2314,40.0,500.0,660.0,1e-09,100.0,38633.501315911104
2314,Run_2315,40.0,500.0,660.0,1e-08,100.0,38729.25327459868
2315,Run_2316,40.0,500.0,660.0,1e-07,100.0,38785.828573050036
2316,Run_2317,40.0,500.0,660.0,1e-06,100.0,38859.822388568624
2317,Run_2318,40.0,500.0,660.0,1e-05,100.0,38885.97770343853
2318,Run_2319,40.0,500.0,660.0,0.0001,100.0,38886.940691471355
2319,Run_2320,40.0,500.0,660.0,0.0032,100.0,38796.29487955355
2384,Run_2385,40.0,600.0,550.0,1e-10,100.0,31983.88549586832
2385,Run_2386,40.0,600.0,550.0,1e-09,100.0,31836.78501292404
2386,Run_2387,40.0,600.0,550.0,1e-08,100.0,32173.217880545413
2387,Run_2388,40.0,600.0,550.0,1e-07,100.0,32265.185511921725
2388,Run_2389,40.0,600.0,550.0,1e-06,100.0,32290.632421142407
2389,Run_2390,40.0,600.0,550.0,1e-05,100.0,32354.70853427218
2390,Run_2391,40.0,600.0,550.0,0.0001,100.0,32411.262224615675
2391,Run_2392,40.0,600.0,550.0,0.0032,100.0,32325.191726123827
2392,Run_2393,40.0,600.0,660.0,1e-10,100.0,38531.17788193961
2393,Run_2394,40.0,600.0,660.0,1e-09,100.0,38647.10275899984
2394,Run_2395,40.0,600.0,660.0,1e-08,100.0,38730.99878960771
2395,Run_2396,40.0,600.0,660.0,1e-07,100.0,38740.7919714165
2396,Run_2397,40.0,600.0,660.0,1e-06,100.0,38851.70944934046
2397,Run_2398,40.0,600.0,660.0,1e-05,100.0,38894.50474860378
2398,Run_2399,40.0,600.0,660.0,0.0001,100.0,38884.443830565964
2399,Run_2400,40.0,600.0,660.0,0.0032,100.0,38799.31420729612
2464,Run_2465,40.0,800.0,550.0,1e-10,100.0,31974.300013128235
2465,Run_2466,40.0,800.0,550.0,1e-09,100.0,31964.439747374177
2466,Run_2467,40.0,800.0,550.0,1e-08,100.0,32223.26556992304
2467,Run_2468,40.0,800.0,550.0,1e-07,100.0,32234.554089218935
2468,Run_2469,40.0,800.0,550.0,1e-06,100.0,32306.038620922274
2469,Run_2470,40.0,800.0,550.0,1e-05,100.0,32358.172074102076
2470,Run_2471,40.0,800.0,550.0,0.0001,100.0,32404.627742849392
2471,Run_2472,40.0,800.0,550.0,0.0032,100.0,32305.56102046899
2472,Run_2473,40.0,800.0,660.0,1e-10,100.0,38526.367656851275
2473,Run_2474,40.0,800.0,660.0,1e-09,100.0,38630.764442167616
2474,Run_2475,40.0,800.0,660.0,1e-08,100.0,38750.86798460721
2475,Run_2476,40.0,800.0,660.0,1e-07,100.0,38771.99451722838
2476,Run_2477,40.0,800.0,660.0,1e-06,100.0,38860.45713432459
2477,Run_2478,40.0,800.0,660.0,1e-05,100.0,38904.631812409934
2478,Run_2479,40.0,800.0,660.0,0.0001,100.0,38903.27962461169
2479,Run_2480,40.0,800.0,660.0,0.0032,100.0,38807.46188004205
2544,Run_2545,40.0,900.0,550.0,1e-10,100.0,31965.99972049008
2545,Run_2546,40.0,900.0,550.0,1e-09,100.0,31985.968096602348
2546,Run_2547,40.0,900.0,550.0,1e-08,100.0,32218.749730393927
2547,Run_2548,40.0,900.0,550.0,1e-07,100.0,32224.611051209322
2548,Run_2549,40.0,900.0,550.0,1e-06,100.0,32312.08494146151
2549,Run_2550,40.0,900.0,550.0,1e-05,100.0,32358.033833859095
2550,Run_2551,40.0,900.0,550.0,0.0001,100.0,32400.626495490258
2551,Run_2552,40.0,900.0,550.0,0.0032,100.0,32297.03223974156
2552,Run_2553,40.0,900.0,660.0,1e-10,100.0,38556.93774062673
2553,Run_2554,40.0,900.0,660.0,1e-09,100.0,38575.42795583803
2554,Run_2555,40.0,900.0,660.0,1e-08,100.0,38765.28164659902
2555,Run_2556,40.0,900.0,660.0,1e-07,100.0,38799.4256038479
2556,Run_2557,40.0,900.0,660.0,1e-06,100.0,38862.76641586236
2557,Run_2558,40.0,900.0,660.0,1e-05,100.0,38907.76174592146
2558,Run_2559,40.0,900.0,660.0,0.0001,100.0,38908.917197076065
2559,Run_2560,40.0,900.0,660.0,0.0032,100.0,38809.980503597166
2624,Run_2625,40.0,1000.0,550.0,1e-10,100.0,31955.957943561836
2625,Run_2626,40.0,1000.0,550.0,1e-09,100.0,32021.86097382596
2626,Run_2627,40.0,1000.0,550.0,1e-08,100.0,32213.392836154973
2627,Run_2628,40.0,1000.0,550.0,1e-07,100.0,32242.196356555378
2628,Run_2629,40.0,1000.0,550.0,1e-06,100.0,32317.21602615591
2629,Run_2630,40.0,1000.0,550.0,1e-05,100.0,32357.480203459996
2630,Run_2631,40.0,1000.0,550.0,0.0001,100.0,32396.545650154123
2631,Run_2632,40.0,1000.0,550.0,0.0032,100.0,32344.836563138622
2632,Run_2633,40.0,1000.0,660.0,1e-10,100.0,38583.05237425196
2633,Run_2634,40.0,1000.0,660.0,1e-09,100.0,38641.9200944968
2634,Run_2635,40.0,1000.0,660.0,1e-08,100.0,38777.57810887139
2635,Run_2636,40.0,1000.0,660.0,1e-07,100.0,38814.71721678215
2636,Run_2637,40.0,1000.0,660.0,1e-06,100.0,38863.8528930761
2637,Run_2638,40.0,1000.0,660.0,1e-05,100.0,38910.104427426544
2638,Run_2639,40.0,1000.0,660.0,0.0001,100.0,38913.38307053562
2639,Run_2640,40.0,1000.0,660.0,0.0032,100.0,38812.18214061574
2865,Run_2866,50.0,100.0,550.0,1e-09,90.92340582359402,28747.460730720966
2866,Run_2867,50.0,100.0,550.0,1e-08,90.92340582359402,28791.058274195897
2867,Run_2868,50.0,100.0,550.0,1e-07,90.92339913830952,28753.025436671986
2868,Run_2869,50.0,100.0,550.0,1e-06,90.92331891489546,28794.594308778593
2869,Run_2870,50.0,100.0,550.0,1e-05,90.92249662490094,28803.041684600736
2870,Run_2871,50.0,100.0,550.0,0.0001,90.91431383666324,28804.51968443526
2944,Run_2945,50.0,200.0,550.0,1e-10,100.0,31824.543230592793
2945,Run_2946,50.0,200.0,550.0,1e-09,100.0,31686.942957984884
2946,Run_2947,50.0,200.0,550.0,1e-08,100.0,31852.02418596746
2947,Run_2948,50.0,200.0,550.0,1e-07,100.0,31904.02168116594
2948,Run_2949,50.0,200.0,550.0,1e-06,100.0,31955.062286312015
2949,Run_2950,50.0,200.0,550.0,1e-05,100.0,31929.594071218562
2950,Run_2951,50.0,200.0,550.0,0.0001,100.0,31771.598576150183
2951,Run_2952,50.0,200.0,550.0,0.0032,100.0,31786.530195711177
2952,Run_2953,50.0,200.0,660.0,1e-10,95.1035365092672,35827.444683418755
2953,Run_2954,50.0,200.0,660.0,1e-09,95.10353706637426,35831.49882811545
2954,Run_2955,50.0,200.0,660.0,1e-08,95.10353706637422,35714.11266129516
2955,Run_2956,50.0,200.0,660.0,1e-07,95.1035259242334,35815.432851320584
2956,Run_2957,50.0,200.0,660.0,1e-06,95.10344235817703,35782.80940654316
2957,Run_2958,50.0,200.0,660.0,1e-05,95.10258441333188,35732.086382886344
2958,Run_2959,50.0,200.0,660.0,0.0001,95.0940272491617,35789.14783718553
2959,Run_2960,50.0,200.0,660.0,0.0032,94.79920620236118,35719.10944193548
3024,Run_3025,50.0,300.0,550.0,1e-10,100.0,32268.594655121946
3025,Run_3026,50.0,300.0,550.0,1e-09,100.0,32290.31381102221
3026,Run_3027,50.0,300.0,550.0,1e-08,100.0,32305.702271930375
3027,Run_3028,50.0,300.0,550.0,1e-07,100.0,32319.38507567406
3028,Run_3029,50.0,300.0,550.0,1e-06,100.0,32329.196211939037
3029,Run_3030,50.0,300.0,550.0,1e-05,100.0,32328.470047523337
3030,Run_3031,50.0,300.0,550.0,0.0001,100.0,32333.1599018006
3031,Run_3032,50.0,300.0,550.0,0.0032,100.0,32238.868735918037
3032,Run_3033,50.0,300.0,660.0,1e-10,100.0,38626.28049600634
3033,Run_3034,50.0,300.0,660.0,1e-09,100.0,38641.05794399051
3034,Run_3035,50.0,300.0,660.0,1e-08,100.0,38631.397182083085
3035,Run_3036,50.0,300.0,660.0,1e-07,100.0,38669.37125577455
3036,Run_3037,50.0,300.0,660.0,1e-06,100.0,38690.93587349669
3037,Run_3038,50.0,300.0,660.0,1e-05,100.0,38702.61308173269
3038,Run_3039,50.0,300.0,660.0,0.0001,100.0,38667.92558937286
3039,Run_3040,50.0,300.0,660.0,0.0032,100.0,38565.93737894748
3104,Run_3105,50.0,400.0,550.0,1e-10,100.0,32280.953116130502
3105,Run_3106,50.0,400.0,550.0,1e-09,100.0,32307.920007723274
3106,Run_3107,50.0,400.0,550.0,1e-08,100.0,32319.86175538434
3107,Run_3108,50.0,400.0,550.0,1e-07,100.0,32331.46543070963
3108,Run_3109,50.0,400.0,550.0,1e-06,100.0,32340.198638328522
3109,Run_3110,50.0,400.0,550.0,1e-05,100.0,32344.03541073675
3110,Run_3111,50.0,400.0,550.0,0.0001,100.0,32345.781362401547
3111,Run_3112,50.0,400.0,550.0,0.0032,100.0,32248.60161794688
3112,Run_3113,50.0,400.0,660.0,1e-10,100.0,38697.83150253402
3113,Run_3114,50.0,400.0,660.0,1e-09,100.0,38719.73674905237
3114,Run_3115,50.0,400.0,660.0,1e-08,100.0,38740.71717813634
3115,Run_3116,50.0,400.0,660.0,1e-07,100.0,38745.405612139584
3116,Run_3117,50.0,400.0,660.0,1e-06,100.0,38752.67012975135
3117,Run_3118,50.0,400.0,660.0,1e-05,100.0,38757.569122910994
3118,Run_3119,50.0,400.0,660.0,0.0001,100.0,38773.27744943001
3119,Run_3120,50.0,400.0,660.0,0.0032,100.0,38657.923359614215
3184,Run_3185,50.0,500.0,550.0,1e-10,100.0,32290.63691554438
3185,Run_3186,50.0,500.0,550.0,1e-09,100.0,32308.146869103744
3186,Run_3187,50.0,500.0,550.0,1e-08,100.0,32327.39757986478
3187,Run_3188,50.0,500.0,550.0,1e-07,100.0,32329.947633044078
3188,Run_3189,50.0,500.0,550.0,1e-06,100.0,32341.669044829807
3189,Run_3190,50.0,500.0,550.0,1e-05,100.0,32346.086785503398
3190,Run_3191,50.0,500.0,550.0,0.0001,100.0,32347.499382091784
3191,Run_3192,50.0,500.0,550.0,0.0032,100.0,32252.76861779336
3192,Run_3193,50.0,500.0,660.0,1e-10,100.0,38730.92751813054
3193,Run_3194,50.0,500.0,660.0,1e-09,100.0,38745.450373885615
3194,Run_3195,50.0,500.0,660.0,1e-08,100.0,38767.41438221269
3195,Run_3196,50.0,500.0,660.0,1e-07,100.0,38773.85447963511
3196,Run_3197,50.0,500.0,660.0,1e-06,100.0,38776.99027310055
3197,Run_3198,50.0,500.0,660.0,1e-05,100.0,38786.706972876884
3198,Run_3199,50.0,500.0,660.0,0.0001,100.0,38783.555850702316
3199,Run_3200,50.0,500.0,660.0,0.0032,100.0,38672.072533606035
3264,Run_3265,50.0,600.0,550.0,1e-10,100.0,32292.79019842428
3265,Run_3266,50.0,600.0,550.0,1e-09,100.0,32314.95048346854
3266,Run_3267,50.0,600.0,550.0,1e-08,100.0,32327.371065654337
3267,Run_3268,50.0,600.0,550.0,1e-07,100.0,32335.588639660135
3268,Run_3269,50.0,600.0,550.0,1e-06,100.0,32345.59728635373
3269,Run_3270,50.0,600.0,550.0,1e-05,100.0,32350.501131149394
3270,Run_3271,50.0,600.0,550.0,0.0001,100.0,32349.995639480017
3271,Run_3272,50.0,600.0,550.0,0.0032,100.0,32252.597015798598
3272,Run_3273,50.0,600.0,660.0,1e-10,100.0,38746.479403243095
3273,Run_3274,50.0,600.0,660.0,1e-09,100.0,38755.15968017743
3274,Run_3275,50.0,600.0,660.0,1e-08,100.0,38771.11806823724
3275,Run_3276,50.0,600.0,660.0,1e-07,100.0,38782.18974515458
3276,Run_3277,50.0,600.0,660.0,1e-06,100.0,38792.50304094053
3277,Run_3278,50.0,600.0,660.0,1e-05,100.0,38794.71091466406
3278,Run_3279,50.0,600.0,660.0,0.0001,100.0,38793.94746232363
3279,Run_3280,50.0,600.0,660.0,0.0032,100.0,38686.38181123228
3344,Run_3345,50.0,800.0,550.0,1e-10,100.0,32303.796104249002
3345,Run_3346,50.0,800.0,550.0,1e-09,100.0,32318.889096064104
3346,Run_3347,50.0,800.0,550.0,1e-08,100.0,32331.028507316023
3347,Run_3348,50.0,800.0,550.0,1e-07,100.0,32340.816507794112
3348,Run_3349,50.0,800.0,550.0,1e-06,100.0,32346.612915634745
3349,Run_3350,50.0,800.0,550.0,1e-05,100.0,32352.292566549688
3350,Run_3351,50.0,800.0,550.0,0.0001,100.0,32352.15901933904
3351,Run_3352,50.0,800.0,550.0,0.0032,100.0,32254.915644849898
3352,Run_3353,50.0,800.0,660.0,1e-10,100.0,38758.58677638895
3353,Run_3354,50.0,800.0,660.0,1e-09,100.0,38767.77936483667
3354,Run_3355,50.0,800.0,660.0,1e-08,100.0,38783.66449326033
3355,Run_3356,50.0,800.0,660.0,1e-07,100.0,38794.042964664084
3356,Run_3357,50.0,800.0,660.0,1e-06,100.0,38803.10077819983
3357,Run_3358,50.0,800.0,660.0,1e-05,100.0,38804.774472654506
3358,Run_3359,50.0,800.0,660.0,0.0001,100.0,38806.57947825612
3359,Run_3360,50.0,800.0,660.0,0.0032,100.0,38692.87604542589
3424,Run_3425,50.0,900.0,550.0,1e-10,100.0,32304.594167420168
3425,Run_3426,50.0,900.0,550.0,1e-09,100.0,32318.717843015944
3426,Run_3427,50.0,900.0,550.0,1e-08,100.0,32333.629477820254
3427,Run_3428,50.0,900.0,550.0,1e-07,100.0,32340.091018489537
3428,Run_3429,50.0,900.0,550.0,1e-06,100.0,32347.845304739025
3429,Run_3430,50.0,900.0,550.0,1e-05,100.0,32351.013094809095
3430,Run_3431,50.0,900.0,550.0,0.0001,100.0,32350.212413242458
3431,Run_3432,50.0,900.0,550.0,0.0032,100.0,32255.537376525943
3432,Run_3433,50.0,900.0,660.0,1e-10,100.0,38759.32702597064
3433,Run_3434,50.0,900.0,660.0,1e-09,100.0,38769.217275182804
3434,Run_3435,50.0,900.0,660.0,1e-08,100.0,38787.19737899822
3435,Run_3436,50.0,900.0,660.0,1e-07,100.0,38798.763070911526
3436,Run_3437,50.0,900.0,660.0,1e-06,100.0,38805.318071230235
3437,Run_3438,50.0,900.0,660.0,1e-05,100.0,38803.43147079395
3438,Run_3439,50.0,900.0,660.0,0.0001,100.0,38803.688889923804
3439,Run_3440,50.0,900.0,660.0,0.0032,100.0,38694.724837687594
3504,Run_3505,50.0,1000.0,550.0,1e-10,100.0,32306.879205008387
3505,Run_3506,50.0,1000.0,550.0,1e-09,100.0,32317.51994798195
3506,Run_3507,50.0,1000.0,550.0,1e-08,100.0,32335.651757144915
3507,Run_3508,50.0,1000.0,550.0,1e-07,100.0,32343.330543941658
3508,Run_3509,50.0,1000.0,550.0,1e-06,100.0,32349.591535217653
3509,Run_3510,50.0,1000.0,550.0,1e-05,100.0,32354.31389359584
3510,Run_3511,50.0,1000.0,550.0,0.0001,100.0,32353.68977543212
3511,Run_3512,50.0,1000.0,550.0,0.0032,100.0,32257.72201718342
3512,Run_3513,50.0,1000.0,660.0,1e-10,100.0,38763.556072994834
3513,Run_3514,50.0,1000.0,660.0,1e-09,100.0,38771.2727679918
3514,Run_3515,50.0,1000.0,660.0,1e-08,100.0,38792.07698899612
3515,Run_3516,50.0,1000.0,660.0,1e-07,100.0,38801.2567748925
3516,Run_3517,50.0,1000.0,660.0,1e-06,100.0,38807.52263605491
3517,Run_3518,50.0,1000.0,660.0,1e-05,100.0,38812.772091203
3518,Run_3519,50.0,1000.0,660.0,0.0001,100.0,38811.33084101211
3519,Run_3520,50.0,1000.0,660.0,0.0032,100.0,38694.12680964152
3904,Run_3905,60.0,300.0,550.0,1e-10,96.0320054235209,30343.6350015068
3905,Run_3906,60.0,300.0,550.0,1e-09,96.03200609204934,30330.82263298173
3906,Run_3907,60.0,300.0,550.0,1e-08,96.03200609204934,30396.01354403186
3907,Run_3908,60.0,300.0,550.0,1e-07,96.03199272148032,30319.86132351811
3908,Run_3909,60.0,300.0,550.0,1e-06,96.03190581278172,30361.656881511688
3909,Run_3910,60.0,300.0,550.0,1e-05,96.0310434110802,30399.339912094107
3910,Run_3911,60.0,300.0,550.0,0.0001,96.02239933821144,30310.611787562426
3911,Run_3912,60.0,300.0,550.0,0.0032,95.72470361907251,30294.214089183053
3984,Run_3985,60.0,400.0,550.0,1e-10,100.0,32154.418321223773
3985,Run_3986,60.0,400.0,550.0,1e-09,100.0,32159.84277609834
3986,Run_3987,60.0,400.0,550.0,1e-08,100.0,32168.702400180937
3987,Run_3988,60.0,400.0,550.0,1e-07,100.0,32162.092240237966
3988,Run_3989,60.0,400.0,550.0,1e-06,100.0,32158.96258683479
3989,Run_3990,60.0,400.0,550.0,1e-05,100.0,32164.798077839907
3990,Run_3991,60.0,400.0,550.0,0.0001,100.0,32163.892729997817
3991,Run_3992,60.0,400.0,550.0,0.0032,100.0,32072.820684726343
3992,Run_3993,60.0,400.0,660.0,1e-10,97.11446451818746,36695.6968310132
3993,Run_3994,60.0,400.0,660.0,1e-09,97.11446507529452,36711.469907991195
3994,Run_3995,60.0,400.0,660.0,1e-08,97.1144650752945,36749.25181169006
3995,Run_3996,60.0,400.0,660.0,1e-07,97.11445393315368,36790.7844130106
3996,Run_3997,60.0,400.0,660.0,1e-06,97.11436479602688,36715.90152393763
3997,Run_3998,60.0,400.0,660.0,1e-05,97.11349013797044,36760.1330686337
3998,Run_3999,60.0,400.0,660.0,0.0001,97.10475469954672,36709.08798842727
3999,Run_4000,60.0,400.0,660.0,0.0032,96.80369962494254,36601.562030287634
4064,Run_4065,60.0,500.0,550.0,1e-10,100.0,32172.28487467278
4065,Run_4066,60.0,500.0,550.0,1e-09,100.0,32174.809875280698
4066,Run_4067,60.0,500.0,550.0,1e-08,100.0,32182.004770264957
4067,Run_4068,60.0,500.0,550.0,1e-07,100.0,32179.29597946108
4068,Run_4069,60.0,500.0,550.0,1e-06,100.0,32180.588944148098
4069,Run_4070,60.0,500.0,550.0,1e-05,100.0,32185.972785541504
4070,Run_4071,60.0,500.0,550.0,0.0001,100.0,32182.018403635524
4071,Run_4072,60.0,500.0,550.0,0.0032,100.0,32090.659436244085
4072,Run_4073,60.0,500.0,660.0,1e-10,100.0,38561.76965192732
4073,Run_4074,60.0,500.0,660.0,1e-09,100.0,38570.84667780817
4074,Run_4075,60.0,500.0,660.0,1e-08,100.0,38574.56029405501
4075,Run_4076,60.0,500.0,660.0,1e-07,100.0,38569.216244887844
4076,Run_4077,60.0,500.0,660.0,1e-06,100.0,38586.53859734718
4077,Run_4078,60.0,500.0,660.0,1e-05,100.0,38571.7762378918
4078,Run_4079,60.0,500.0,660.0,0.0001,100.0,38579.105298046714
4079,Run_4080,60.0,500.0,660.0,0.0032,100.0,38479.34027162521
4144,Run_4145,60.0,600.0,550.0,1e-10,100.0,32174.867275531673
4145,Run_4146,60.0,600.0,550.0,1e-09,100.0,32180.560660146097
4146,Run_4147,60.0,600.0,550.0,1e-08,100.0,32184.220173444955
4147,Run_4148,60.0,600.0,550.0,1e-07,100.0,32186.496463057018
4148,Run_4149,60.0,600.0,550.0,1e-06,100.0,32188.188596045104
4149,Run_4150,60.0,600.0,550.0,1e-05,100.0,32192.343197989718
4150,Run_4151,60.0,600.0,550.0,0.0001,100.0,32186.88714125547
4151,Run_4152,60.0,600.0,550.0,0.0032,100.0,32090.704236727117
4152,Run_4153,60.0,600.0,660.0,1e-10,100.0,38588.96081337089
4153,Run_4154,60.0,600.0,660.0,1e-09,100.0,38597.22885726575
4154,Run_4155,60.0,600.0,660.0,1e-08,100.0,38596.21903236859
4155,Run_4156,60.0,600.0,660.0,1e-07,100.0,38600.33420153395
4156,Run_4157,60.0,600.0,660.0,1e-06,100.0,38610.79642726546
4157,Run_4158,60.0,600.0,660.0,1e-05,100.0,38608.37199695007
4158,Run_4159,60.0,600.0,660.0,0.0001,100.0,38608.83839767389
4159,Run_4160,60.0,600.0,660.0,0.0032,100.0,38489.61065817516
4224,Run_4225,60.0,800.0,550.0,1e-10,100.0,32182.673652616515
4225,Run_4226,60.0,800.0,550.0,1e-09,100.0,32187.094582525402
4226,Run_4227,60.0,800.0,550.0,1e-08,100.0,32190.28351708133
4227,Run_4228,60.0,800.0,550.0,1e-07,100.0,32192.504130404763
4228,Run_4229,60.0,800.0,550.0,1e-06,100.0,32194.696559975968
4229,Run_4230,60.0,800.0,550.0,1e-05,100.0,32193.84500461673
4230,Run_4231,60.0,800.0,550.0,0.0001,100.0,32192.496267463586
4231,Run_4232,60.0,800.0,550.0,0.0032,100.0,32096.717110849364
4232,Run_4233,60.0,800.0,660.0,1e-10,100.0,38606.00095719459
4233,Run_4234,60.0,800.0,660.0,1e-09,100.0,38611.57718783341
4234,Run_4235,60.0,800.0,660.0,1e-08,100.0,38620.54299691427
4235,Run_4236,60.0,800.0,660.0,1e-07,100.0,38618.54333731856
4236,Run_4237,60.0,800.0,660.0,1e-06,100.0,38619.57371203082
4237,Run_4238,60.0,800.0,660.0,1e-05,100.0,38624.27231592491
4238,Run_4239,60.0,800.0,660.0,0.0001,100.0,38622.750584415844
4239,Run_4240,60.0,800.0,660.0,0.0032,100.0,38506.479114711954
4304,Run_4305,60.0,900.0,550.0,1e-10,100.0,32183.709067566542
4305,Run_4306,60.0,900.0,550.0,1e-09,100.0,32186.996257745912
4306,Run_4307,60.0,900.0,550.0,1e-08,100.0,32191.38360714735
4307,Run_4308,60.0,900.0,550.0,1e-07,100.0,32193.722209663832
4308,Run_4309,60.0,900.0,550.0,1e-06,100.0,32196.28343450892
4309,Run_4310,60.0,900.0,550.0,1e-05,100.0,32196.076757210332
4310,Run_4311,60.0,900.0,550.0,0.0001,100.0,32196.103888219764
4311,Run_4312,60.0,900.0,550.0,0.0032,100.0,32096.716908600392
4312,Run_4313,60.0,900.0,660.0,1e-10,100.0,38612.90762955744
4313,Run_4314,60.0,900.0,660.0,1e-09,100.0,38614.7867399593
4314,Run_4315,60.0,900.0,660.0,1e-08,100.0,38618.99956170903
4315,Run_4316,60.0,900.0,660.0,1e-07,100.0,38622.16533556921
4316,Run_4317,60.0,900.0,660.0,1e-06,100.0,38626.547936275
4317,Run_4318,60.0,900.0,660.0,1e-05,100.0,38625.70444866647
4318,Run_4319,60.0,900.0,660.0,0.0001,100.0,38623.44839173884
4319,Run_4320,60.0,900.0,660.0,0.0032,100.0,38505.6804241614
4384,Run_4385,60.0,1000.0,550.0,1e-10,100.0,32186.008384154633
4385,Run_4386,60.0,1000.0,550.0,1e-09,100.0,32189.207383765224
4386,Run_4387,60.0,1000.0,550.0,1e-08,100.0,32194.585365117215
4387,Run_4388,60.0,1000.0,550.0,1e-07,100.0,32194.373296035126
4388,Run_4389,60.0,1000.0,550.0,1e-06,100.0,32196.837747761558
4389,Run_4390,60.0,1000.0,550.0,1e-05,100.0,32196.788034215046
4390,Run_4391,60.0,1000.0,550.0,0.0001,100.0,32194.577674851815
4391,Run_4392,60.0,1000.0,550.0,0.0032,100.0,32098.059631550943
4392,Run_4393,60.0,1000.0,660.0,1e-10,100.0,38616.88600004444
4393,Run_4394,60.0,1000.0,660.0,1e-09,100.0,38617.183883921345
4394,Run_4395,60.0,1000.0,660.0,1e-08,100.0,38621.73313739884
4395,Run_4396,60.0,1000.0,660.0,1e-07,100.0,38624.50024771995
4396,Run_4397,60.0,1000.0,660.0,1e-06,100.0,38628.67737284497
4397,Run_4398,60.0,1000.0,660.0,1e-05,100.0,38627.277244984216
4398,Run_4399,60.0,1000.0,660.0,0.0001,100.0,38624.38856446069
4399,Run_4400,60.0,1000.0,660.0,0.0032,100.0,38508.440287222744
4864,Run_4865,70.0,400.0,550.0,1e-10,95.19810308985302,30204.110469921015
4865,Run_4866,70.0,400.0,550.0,1e-09,95.19809707309696,30218.733053674125
4866,Run_4867,70.0,400.0,550.0,1e-08,95.19809707309696,30224.33013017333
4867,Run_4868,70.0,400.0,550.0,1e-07,95.19809038781246,30189.963068939047
4868,Run_4869,70.0,400.0,550.0,1e-06,95.19800347911386,30189.467933606815
4869,Run_4870,70.0,400.0,550.0,1e-05,95.19714776269684,30216.98354239354
4870,Run_4871,70.0,400.0,550.0,0.0001,95.18857722795764,30220.830644663427
4871,Run_4872,70.0,400.0,550.0,0.0032,94.89346871392333,30108.63929844764
4944,Run_4945,70.0,500.0,550.0,1e-10,100.0,32010.427633738534
4945,Run_4946,70.0,500.0,550.0,1e-09,100.0,32013.81297843234
4946,Run_4947,70.0,500.0,550.0,1e-08,100.0,32012.17066900874
4947,Run_4948,70.0,500.0,550.0,1e-07,100.0,32013.952367421552
4948,Run_4949,70.0,500.0,550.0,1e-06,100.0,32016.49530685739
4949,Run_4950,70.0,500.0,550.0,1e-05,100.0,32011.620845160298
4950,Run_4951,70.0,500.0,550.0,0.0001,100.0,32011.2900109728
4951,Run_4952,70.0,500.0,550.0,0.0032,100.0,31915.414338189064
4952,Run_4953,70.0,500.0,660.0,1e-10,95.82131879367428,36452.381366557696
4953,Run_4954,70.0,500.0,660.0,1e-09,95.82131935078132,36436.94425572266
4954,Run_4955,70.0,500.0,660.0,1e-08,95.82131935078132,36476.48545574903
4955,Run_4956,70.0,500.0,660.0,1e-07,95.82130820864046,36453.32550277845
4956,Run_4957,70.0,500.0,660.0,1e-06,95.82122464258411,36487.690550265994
4957,Run_4958,70.0,500.0,660.0,1e-05,95.8203611266685,36449.18378611909
4958,Run_4959,70.0,500.0,660.0,0.0001,95.81173710965328,36476.19245379927
4959,Run_4960,70.0,500.0,660.0,0.0032,95.51469320575386,36383.87124661308
5024,Run_5025,70.0,600.0,550.0,1e-10,100.0,32015.75395678399
5025,Run_5026,70.0,600.0,550.0,1e-09,100.0,32018.02257043142
5026,Run_5027,70.0,600.0,550.0,1e-08,100.0,32018.502157338156
5027,Run_5028,70.0,600.0,550.0,1e-07,100.0,32019.370987992457
5028,Run_5029,70.0,600.0,550.0,1e-06,100.0,32020.208262147156
5029,Run_5030,70.0,600.0,550.0,1e-05,100.0,32020.893432404813
5030,Run_5031,70.0,600.0,550.0,0.0001,100.0,32016.76259090506
5031,Run_5032,70.0,600.0,550.0,0.0032,100.0,31920.172673902274
5032,Run_5033,70.0,600.0,660.0,1e-10,100.0,38407.00073408556
5033,Run_5034,70.0,600.0,660.0,1e-09,100.0,38409.64618856041
5034,Run_5035,70.0,600.0,660.0,1e-08,100.0,38405.78795339699
5035,Run_5036,70.0,600.0,660.0,1e-07,100.0,38407.616399801365
5036,Run_5037,70.0,600.0,660.0,1e-06,100.0,38405.37970347726
5037,Run_5038,70.0,600.0,660.0,1e-05,100.0,38411.39274215648
5038,Run_5039,70.0,600.0,660.0,0.0001,100.0,38404.08185787893
5039,Run_5040,70.0,600.0,660.0,0.0032,100.0,38291.965151279925
5104,Run_5105,70.0,800.0,550.0,1e-10,100.0,32019.27098245726
5105,Run_5106,70.0,800.0,550.0,1e-09,100.0,32020.853842328754
5106,Run_5107,70.0,800.0,550.0,1e-08,100.0,32022.292483578145
5107,Run_5108,70.0,800.0,550.0,1e-07,100.0,32022.718035160655
5108,Run_5109,70.0,800.0,550.0,1e-06,100.0,32024.120536218506
5109,Run_5110,70.0,800.0,550.0,1e-05,100.0,32022.92644594313
5110,Run_5111,70.0,800.0,550.0,0.0001,100.0,32020.822800837275
5111,Run_5112,70.0,800.0,550.0,0.0032,100.0,31923.038051271633
5112,Run_5113,70.0,800.0,660.0,1e-10,100.0,38418.57690799511
5113,Run_5114,70.0,800.0,660.0,1e-09,100.0,38421.19935948674
5114,Run_5115,70.0,800.0,660.0,1e-08,100.0,38422.66592734325
5115,Run_5116,70.0,800.0,660.0,1e-07,100.0,38423.63423972629
5116,Run_5117,70.0,800.0,660.0,1e-06,100.0,38424.75885926174
5117,Run_5118,70.0,800.0,660.0,1e-05,100.0,38423.44562303606
5118,Run_5119,70.0,800.0,660.0,0.0001,100.0,38420.81766396865
5119,Run_5120,70.0,800.0,660.0,0.0032,100.0,38304.46537842357
5184,Run_5185,70.0,900.0,550.0,1e-10,100.0,32020.022919636
5185,Run_5186,70.0,900.0,550.0,1e-09,100.0,32021.72838835947
5186,Run_5187,70.0,900.0,550.0,1e-08,100.0,32022.520518166508
5187,Run_5188,70.0,900.0,550.0,1e-07,100.0,32023.542428190376
5188,Run_5189,70.0,900.0,550.0,1e-06,100.0,32024.480706852803
5189,Run_5190,70.0,900.0,550.0,1e-05,100.0,32024.865150485133
5190,Run_5191,70.0,900.0,550.0,0.0001,100.0,32021.112863805032
5191,Run_5192,70.0,900.0,550.0,0.0032,100.0,31923.180829815286
5192,Run_5193,70.0,900.0,660.0,1e-10,100.0,38420.5541723119
5193,Run_5194,70.0,900.0,660.0,1e-09,100.0,38422.60824849915
5194,Run_5195,70.0,900.0,660.0,1e-08,100.0,38423.7385125737
5195,Run_5196,70.0,900.0,660.0,1e-07,100.0,38424.91138072701
5196,Run_5197,70.0,900.0,660.0,1e-06,100.0,38425.91891954558
5197,Run_5198,70.0,900.0,660.0,1e-05,100.0,38426.64401471207
5198,Run_5199,70.0,900.0,660.0,0.0001,100.0,38421.80302098864
5199,Run_5200,70.0,900.0,660.0,0.0032,100.0,38305.3184780936
5264,Run_5265,70.0,1000.0,550.0,1e-10,100.0,32021.704779173862
5265,Run_5266,70.0,1000.0,550.0,1e-09,100.0,32023.4109194869
5266,Run_5267,70.0,1000.0,550.0,1e-08,100.0,32023.41216814469
5267,Run_5268,70.0,1000.0,550.0,1e-07,100.0,32024.16081157902
5268,Run_5269,70.0,1000.0,550.0,1e-06,100.0,32024.46806398704
5269,Run_5270,70.0,1000.0,550.0,1e-05,100.0,32025.027741723214
5270,Run_5271,70.0,1000.0,550.0,0.0001,100.0,32021.84711636034
5271,Run_5272,70.0,1000.0,550.0,0.0032,100.0,31923.725126104342
5272,Run_5273,70.0,1000.0,660.0,1e-10,100.0,38423.859987290976
5273,Run_5274,70.0,1000.0,660.0,1e-09,100.0,38425.5802015286
5274,Run_5275,70.0,1000.0,660.0,1e-08,100.0,38426.345024843366
5275,Run_5276,70.0,1000.0,660.0,1e-07,100.0,38426.192371015975
5276,Run_5277,70.0,1000.0,660.0,1e-06,100.0,38426.99355664633
5277,Run_5278,70.0,1000.0,660.0,1e-05,100.0,38426.51469984928
5278,Run_5279,70.0,1000.0,660.0,0.0001,100.0,38423.50510869504
5279,Run_5280,70.0,1000.0,660.0,0.0032,100.0,38305.98768369778
5824,Run_5825,80.0,500.0,550.0,1e-10,97.90263493754328,31101.524273837935
5825,Run_5826,80.0,500.0,550.0,1e-09,97.90263560607174,31106.142074403666
5826,Run_5827,80.0,500.0,550.0,1e-08,97.90263560607174,31113.27775988049
5827,Run_5828,80.0,500.0,550.0,1e-07,97.90262892078722,31103.110959279682
5828,Run_5829,80.0,500.0,550.0,1e-06,97.90253532680411,31102.64827202403
5829,Run_5830,80.0,500.0,550.0,1e-05,97.90165955453357,31107.225964492434
5830,Run_5831,80.0,500.0,550.0,0.0001,97.89284834955208,31106.1129816817
5831,Run_5832,80.0,500.0,550.0,0.0032,97.58934980346028,31007.448749914394
5832,Run_5833,80.0,500.0,660.0,1e-10,90.0458290833427,34337.50679990616
5833,Run_5834,80.0,500.0,660.0,1e-09,90.04582964044978,34335.269830847035
5834,Run_5835,80.0,500.0,660.0,1e-08,90.04582964044975,34330.90452931111
5835,Run_5836,80.0,500.0,660.0,1e-07,90.04581849830893,34333.98533890712
5836,Run_5837,80.0,500.0,660.0,1e-06,90.04574050332297,34343.63459448508
5837,Run_5838,80.0,500.0,660.0,1e-05,90.04492712704122,34340.87759324797
5838,Run_5839,80.0,500.0,660.0,0.0001,90.03682679064573,34327.6761752118
5904,Run_5905,80.0,600.0,550.0,1e-10,100.0,31827.910781449904
5905,Run_5906,80.0,600.0,550.0,1e-09,100.0,31828.331989951657
5906,Run_5907,80.0,600.0,550.0,1e-08,100.0,31828.33870484611
5907,Run_5908,80.0,600.0,550.0,1e-07,100.0,31828.50770532327
5908,Run_5909,80.0,600.0,550.0,1e-06,100.0,31828.801280457876
5909,Run_5910,80.0,600.0,550.0,1e-05,100.0,31828.68388886142
5910,Run_5911,80.0,600.0,550.0,0.0001,100.0,31826.16968515612
5911,Run_5912,80.0,600.0,550.0,0.0032,99.78571980513242,31728.083524575934
5912,Run_5913,80.0,600.0,660.0,1e-10,97.78646374585594,37270.31093101178
5913,Run_5914,80.0,600.0,660.0,1e-09,97.78646430296295,37285.9479538712
5914,Run_5915,80.0,600.0,660.0,1e-08,97.78645873189257,37281.52755369014
5915,Run_5916,80.0,600.0,660.0,1e-07,97.78645316082212,37286.056448438
5916,Run_5917,80.0,600.0,660.0,1e-06,97.78636402369536,37277.49984550459
5917,Run_5918,80.0,600.0,660.0,1e-05,97.7854837945685,37283.09408505861
5918,Run_5919,80.0,600.0,660.0,0.0001,97.77668150329968,37270.13729646034
5919,Run_5920,80.0,600.0,660.0,0.0032,97.47354841942764,37170.16750326966
5984,Run_5985,80.0,800.0,550.0,1e-10,100.0,31828.883289270074
5985,Run_5986,80.0,800.0,550.0,1e-09,100.0,31829.302931893777
5986,Run_5987,80.0,800.0,550.0,1e-08,100.0,31829.930493620508
5987,Run_5988,80.0,800.0,550.0,1e-07,100.0,31830.208161103692
5988,Run_5989,80.0,800.0,550.0,1e-06,100.0,31830.392648881418
5989,Run_5990,80.0,800.0,550.0,1e-05,100.0,31830.308313724025
5990,Run_5991,80.0,800.0,550.0,0.0001,100.0,31827.4429683897
5991,Run_5992,80.0,800.0,550.0,0.0032,99.785793343262,31729.094013970378
5992,Run_5993,80.0,800.0,660.0,1e-10,100.0,38193.45731518275
5993,Run_5994,80.0,800.0,660.0,1e-09,100.0,38194.29718226639
5994,Run_5995,80.0,800.0,660.0,1e-08,100.0,38194.66335995981
5995,Run_5996,80.0,800.0,660.0,1e-07,100.0,38194.899543029765
5996,Run_5997,80.0,800.0,660.0,1e-06,100.0,38194.914226496476
5997,Run_5998,80.0,800.0,660.0,1e-05,100.0,38194.22536459182
5998,Run_5999,80.0,800.0,660.0,0.0001,100.0,38191.78042347619
5999,Run_6000,80.0,800.0,660.0,0.0032,99.78582676968448,38073.979278479674
6064,Run_6065,80.0,900.0,550.0,1e-10,100.0,31829.3545506092
6065,Run_6066,80.0,900.0,550.0,1e-09,100.0,31830.07439109214
6066,Run_6067,80.0,900.0,550.0,1e-08,100.0,31830.042795870482
6067,Run_6068,80.0,900.0,550.0,1e-07,100.0,31830.718054002486
6068,Run_6069,80.0,900.0,550.0,1e-06,100.0,31830.942500308676
6069,Run_6070,80.0,900.0,550.0,1e-05,100.0,31830.301408877454
6070,Run_6071,80.0,900.0,550.0,0.0001,100.0,31827.467464040983
6071,Run_6072,80.0,900.0,550.0,0.0032,99.78580671383102,31729.344761519536
6072,Run_6073,80.0,900.0,660.0,1e-10,100.0,38194.82956717197
6073,Run_6074,80.0,900.0,660.0,1e-09,100.0,38194.66846340663
6074,Run_6075,80.0,900.0,660.0,1e-08,100.0,38195.02451448917
6075,Run_6076,80.0,900.0,660.0,1e-07,100.0,38195.71671874939
6076,Run_6077,80.0,900.0,660.0,1e-06,100.0,38196.18548247605
6077,Run_6078,80.0,900.0,660.0,1e-05,100.0,38195.28597222116
6078,Run_6079,80.0,900.0,660.0,0.0001,100.0,38191.99897204602
6079,Run_6080,80.0,900.0,660.0,0.0032,99.78584348289576,38074.27349066005
6144,Run_6145,80.0,1000.0,550.0,1e-10,100.0,31829.97947817797
6145,Run_6146,80.0,1000.0,550.0,1e-09,100.0,31830.190535941
6146,Run_6147,80.0,1000.0,550.0,1e-08,100.0,31830.2862456738
6147,Run_6148,80.0,1000.0,550.0,1e-07,100.0,31830.486773409193
6148,Run_6149,80.0,1000.0,550.0,1e-06,100.0,31830.8672613164
6149,Run_6150,80.0,1000.0,550.0,1e-05,100.0,31830.850409442715
6150,Run_6151,80.0,1000.0,550.0,0.0001,100.0,31827.97743813029
6151,Run_6152,80.0,1000.0,550.0,0.0032,99.78582008440006,31729.519076028657
6152,Run_6153,80.0,1000.0,660.0,1e-10,100.0,38195.00556220516
6153,Run_6154,80.0,1000.0,660.0,1e-09,100.0,38195.51535164686
6154,Run_6155,80.0,1000.0,660.0,1e-08,100.0,38195.957508744184
6155,Run_6156,80.0,1000.0,660.0,1e-07,100.0,38196.10898761199
6156,Run_6157,80.0,1000.0,660.0,1e-06,100.0,38196.397945928504
6157,Run_6158,80.0,1000.0,660.0,1e-05,100.0,38196.06258799845
6158,Run_6159,80.0,1000.0,660.0,0.0001,100.0,38192.88383404836
6159,Run_6160,80.0,1000.0,660.0,0.0032,99.785860196107,38074.52033780906
6704,Run_6705,90.0,500.0,550.0,1e-10,93.34785032301068,29677.979314930155
6705,Run_6706,90.0,500.0,550.0,1e-09,93.34785099153912,29678.777322739723
6706,Run_6707,90.0,500.0,550.0,1e-08,93.34785099153912,29676.659666037784
6707,Run_6708,90.0,500.0,550.0,1e-07,93.34784430625464,29677.033788456494
6708,Run_6709,90.0,500.0,550.0,1e-06,93.34775739755604,29677.98267800674
6709,Run_6710,90.0,500.0,550.0,1e-05,93.34691505170804,29677.264305641507
6710,Run_6711,90.0,500.0,550.0,0.0001,93.33851833436604,29676.256915567086
6711,Run_6712,90.0,500.0,550.0,0.0032,93.049139109155,29584.540777463943
6784,Run_6785,90.0,600.0,550.0,1e-10,99.43037620915284,31615.900459546796
6785,Run_6786,90.0,600.0,550.0,1e-09,99.4303768776813,31615.834200382116
6786,Run_6787,90.0,600.0,550.0,1e-08,99.4303768776813,31616.05529443951
6787,Run_6788,90.0,600.0,550.0,1e-07,99.43036350711228,31616.237828503185
6788,Run_6789,90.0,600.0,550.0,1e-06,99.43027659841368,31616.13290218978
6789,Run_6790,90.0,600.0,550.0,1e-05,99.42938077028964,31615.883246255475
6790,Run_6791,90.0,600.0,550.0,0.0001,99.42042917433348,31612.96966266985
6791,Run_6792,90.0,600.0,550.0,0.0032,99.11219744681004,31515.627243449897
6792,Run_6793,90.0,600.0,660.0,1e-10,93.81831284689592,35791.39757808591
6793,Run_6794,90.0,600.0,660.0,1e-09,93.818313404003,35791.93944727548
6794,Run_6795,90.0,600.0,660.0,1e-08,93.81831340400298,35790.95465846404
6795,Run_6796,90.0,600.0,660.0,1e-07,93.81830226186216,35793.359498436694
6796,Run_6797,90.0,600.0,660.0,1e-06,93.8182186958058,35794.48042360672
6797,Run_6798,90.0,600.0,660.0,1e-05,93.81737189310148,35793.151200416454
6798,Run_6799,90.0,600.0,660.0,0.0001,93.80893172141016,35790.646048143164
6799,Run_6800,90.0,600.0,660.0,0.0032,93.51809398996232,35680.4741767818
6864,Run_6865,90.0,800.0,550.0,1e-10,99.43048985898947,31616.39487929036
6865,Run_6866,90.0,800.0,550.0,1e-09,99.43049052751792,31616.66920019843
6866,Run_6867,90.0,800.0,550.0,1e-08,99.43049052751792,31616.794316403975
6867,Run_6868,90.0,800.0,550.0,1e-07,99.43047715694892,31616.885718980233
6868,Run_6869,90.0,800.0,550.0,1e-06,99.43039024825032,31616.95060839028
6869,Run_6870,90.0,800.0,550.0,1e-05,99.42949442012626,31616.67089936313
6870,Run_6871,90.0,800.0,550.0,0.0001,99.42054282417013,31613.931300513985
6871,Run_6872,90.0,800.0,550.0,0.0032,99.11231109664664,31516.030353800747
6872,Run_6873,90.0,800.0,660.0,1e-10,99.43050891205044,37939.62757944834
6873,Run_6874,90.0,800.0,660.0,1e-09,99.43050946915749,37939.548293104075
6874,Run_6875,90.0,800.0,660.0,1e-08,99.43050946915749,37939.81525221111
6875,Run_6876,90.0,800.0,660.0,1e-07,99.43049832701666,37939.85872722586
6876,Run_6877,90.0,800.0,660.0,1e-06,99.43040918988989,37940.08266399523
6877,Run_6878,90.0,800.0,660.0,1e-05,99.42951781862214,37939.56405832633
6878,Run_6879,90.0,800.0,660.0,0.0001,99.42056510845192,37936.231692171874
6879,Run_6880,90.0,800.0,660.0,0.0032,99.11233449514256,37818.78288190655
6944,Run_6945,90.0,900.0,550.0,1e-10,99.4305032295585,31616.69271440796
6945,Run_6946,90.0,900.0,550.0,1e-09,99.43050389808693,31616.929938848425
6946,Run_6947,90.0,900.0,550.0,1e-08,99.43049721280246,31617.00598102096
6947,Run_6948,90.0,900.0,550.0,1e-07,99.43049052751792,31617.098691775853
6948,Run_6949,90.0,900.0,550.0,1e-06,99.43040361881933,31617.03969287805
6949,Run_6950,90.0,900.0,550.0,1e-05,99.42950779069528,31616.885117083777
6950,Run_6951,90.0,900.0,550.0,0.0001,99.42055619473912,31613.990372875993
6951,Run_6952,90.0,900.0,550.0,0.0032,99.1123244672157,31516.10279257975
6952,Run_6953,90.0,900.0,660.0,1e-10,99.43053119633215,37939.717171324795
6953,Run_6954,90.0,900.0,660.0,1e-09,99.43052618236877,37940.01997619565
6954,Run_6955,90.0,900.0,660.0,1e-08,99.43052618236877,37940.06478194914
6955,Run_6956,90.0,900.0,660.0,1e-07,99.43052061129836,37940.259320908706
6956,Run_6957,90.0,900.0,660.0,1e-06,99.43043147417156,37940.10693454127
6957,Run_6958,90.0,900.0,660.0,1e-05,99.42953453183344,37939.97365533303
6958,Run_6959,90.0,900.0,660.0,0.0001,99.42058739273362,37936.5924592772
6959,Run_6960,90.0,900.0,660.0,0.0032,99.11235120835384,37819.176535686645
7024,Run_7025,90.0,1000.0,550.0,1e-10,99.430509914843,31616.733038289814
7025,Run_7026,90.0,1000.0,550.0,1e-09,99.43051058337149,31616.982837098778
7026,Run_7027,90.0,1000.0,550.0,1e-08,99.43051058337144,31617.020975833173
7027,Run_7028,90.0,1000.0,550.0,1e-07,99.43049721280246,31617.13336046749
7028,Run_7029,90.0,1000.0,550.0,1e-06,99.43041030410384,31617.108292306497
7029,Run_7030,90.0,1000.0,550.0,1e-05,99.4295144759798,31616.919700299644
7030,Run_7031,90.0,1000.0,550.0,0.0001,99.42056956530814,31614.02939930397
7031,Run_7032,90.0,1000.0,550.0,0.0032,99.1123311525002,31516.234161558496
7032,Run_7033,90.0,1000.0,660.0,1e-10,99.43053676740256,37939.79880048651
7033,Run_7034,90.0,1000.0,660.0,1e-09,99.43053732450964,37940.14203182601
7034,Run_7035,90.0,1000.0,660.0,1e-08,99.4305373245096,37940.309537137364
7035,Run_7036,90.0,1000.0,660.0,1e-07,99.4305317534392,37940.34267601271
7036,Run_7037,90.0,1000.0,660.0,1e-06,99.430437045242,37940.364660833315
7037,Run_7038,90.0,1000.0,660.0,1e-05,99.42954567397427,37940.06279197992
7038,Run_7039,90.0,1000.0,660.0,0.0001,99.42059853487449,37936.60746564046
7039,Run_7040,90.0,1000.0,660.0,0.0032,99.11236235049466,37819.22036818537
7664,Run_7665,100.0,600.0,550.0,1e-10,98.69980831812414,31384.156610615126
7665,Run_7666,100.0,600.0,550.0,1e-09,98.6998089866526,31384.290427285792
7666,Run_7667,100.0,600.0,550.0,1e-08,98.6998089866526,31384.207387493374
7667,Run_7668,100.0,600.0,550.0,1e-07,98.69980230136808,31384.419198345942
7668,Run_7669,100.0,600.0,550.0,1e-06,98.69971539266948,31384.128920433024
7669,Run_7670,100.0,600.0,550.0,1e-05,98.6988262498299,31384.09963021906
7670,Run_7671,100.0,600.0,550.0,0.0001,98.68994150671888,31381.048113009856
7671,Run_7672,100.0,600.0,550.0,0.0032,98.38396940535912,31283.845498957642
7672,Run_7673,100.0,600.0,660.0,1e-10,90.77724934814574,34637.52905076943
7673,Run_7674,100.0,600.0,660.0,1e-09,90.7772499052528,34637.089405096034
7674,Run_7675,100.0,600.0,660.0,1e-08,90.77724990525276,34637.30109134909
7675,Run_7676,100.0,600.0,660.0,1e-07,90.77723876311194,34637.156387393465
7676,Run_7677,100.0,600.0,660.0,1e-06,90.77715519705558,34637.8822176616
7677,Run_7678,100.0,600.0,660.0,1e-05,90.7763418207738,34637.14200316868
7678,Run_7679,100.0,600.0,660.0,0.0001,90.76816906046284,34633.42724977182
7679,Run_7680,100.0,600.0,660.0,0.0032,90.4867631512416,34526.48544707568
7744,Run_7745,100.0,800.0,550.0,1e-10,98.70253591420338,31385.851913366307
7745,Run_7746,100.0,800.0,550.0,1e-09,98.70253658273184,31385.86630591435
7746,Run_7747,100.0,800.0,550.0,1e-08,98.70253658273184,31385.930256216063
7747,Run_7748,100.0,800.0,550.0,1e-07,98.70252989744736,31385.954323298887
7748,Run_7749,100.0,800.0,550.0,1e-06,98.7024363034642,31385.986433083333
7749,Run_7750,100.0,800.0,550.0,1e-05,98.70154716062466,31385.696094090017
7750,Run_7751,100.0,800.0,550.0,0.0001,98.6926691027981,31382.86539010562
7751,Run_7752,100.0,800.0,550.0,0.0032,98.38669031615386,31285.651395789417
7752,Run_7753,100.0,800.0,660.0,1e-10,98.70254828197972,37662.84946348003
7753,Run_7754,100.0,800.0,660.0,1e-09,98.70254883908676,37662.89729623964
7754,Run_7755,100.0,800.0,660.0,1e-08,98.70254883908676,37663.02352946567
7755,Run_7756,100.0,800.0,660.0,1e-07,98.70253769694592,37663.01320663046
7756,Run_7757,100.0,800.0,660.0,1e-06,98.70244855981916,37663.083302891464
7757,Run_7758,100.0,800.0,660.0,1e-05,98.70156275962184,37662.68526141083
7758,Run_7759,100.0,800.0,660.0,0.0001,98.69267690229672,37659.277941650784
7759,Run_7760,100.0,800.0,660.0,0.0032,98.38670257250875,37542.677918484536
7824,Run_7825,100.0,900.0,550.0,1e-10,98.7025492847724,31385.87655929782
7825,Run_7826,100.0,900.0,550.0,1e-09,98.70254326801634,31385.938395212255
7826,Run_7827,100.0,900.0,550.0,1e-08,98.70254326801631,31385.96250506014
7827,Run_7828,100.0,900.0,550.0,1e-07,98.70253658273184,31386.028557907754
7828,Run_7829,100.0,900.0,550.0,1e-06,98.70244967403325,31386.0071447061
7829,Run_7830,100.0,900.0,550.0,1e-05,98.70156053119368,31385.732638616908
7830,Run_7831,100.0,900.0,550.0,0.0001,98.6926757880826,31382.94132526582
7831,Run_7832,100.0,900.0,550.0,0.0032,98.38669700143838,31285.66368503667
7904,Run_7905,100.0,1000.0,550.0,1e-10,98.70255597005688,31385.9087336472
7905,Run_7906,100.0,1000.0,550.0,1e-09,98.70255663858536,31385.958181819486
7906,Run_7907,100.0,1000.0,550.0,1e-08,98.70254995330085,31385.988888909957
7907,Run_7908,100.0,1000.0,550.0,1e-07,98.70254326801634,31386.026609540106
7908,Run_7909,100.0,1000.0,550.0,1e-06,98.70245635931774,31386.017214600655
7909,Run_7910,100.0,1000.0,550.0,1e-05,98.7015672164782,31385.784654373387
7910,Run_7911,100.0,1000.0,550.0,0.0001,98.69268247336711,31382.94724088322
7911,Run_7912,100.0,1000.0,550.0,0.0032,98.38670368672288,31285.669267607987
7912,Run_7913,100.0,1000.0,660.0,1e-10,98.70257613733185,37663.05447961124
7913,Run_7914,100.0,1000.0,660.0,1e-09,98.70257669443887,37663.072717534116
7914,Run_7915,100.0,1000.0,660.0,1e-08,98.70257669443887,37663.17765052149
7915,Run_7916,100.0,1000.0,660.0,1e-07,98.70256555229804,37663.17415815877
7916,Run_7917,100.0,1000.0,660.0,1e-06,98.70247641517126,37663.18038023831
7917,Run_7918,100.0,1000.0,660.0,1e-05,98.70159061497397,37662.871556495535
7918,Run_7919,100.0,1000.0,660.0,0.0001,98.69270475764884,37659.46121216661
7919,Run_7920,100.0,1000.0,660.0,0.0032,98.38672485679048,37542.78898493499
